NOMBRE_CLUSTER, NUM_AVALUOS, NUM_ATT, NUM_ATT_FILT, PROMEDIO_IMP_CONCLUIDO, DSVEST_IMP_CONCLUIDO, DSVEST_LAT, DSVEST_LONG, LR_ERROR_ABS_PROM, MSV_ERROR_ABS_PROM, RNA_ERROR_ABS_PROM, LR_ERROR_ABS_PROM_FILT, MSV_ERROR_ABS_PROM_FILT, RNA_ERROR_ABS_PROM_FILT, LR_ERROR_REL_ABS, MSV_ERROR_REL_ABS, RNA_ERROR_REL_ABS, LR_ERROR_REL_ABS_FILT, MSV_ERROR_REL_ABS_FILT, RNA_ERROR_REL_ABS_FILT, MEJOR_ATT_FILT, MEJOR_ALG
avaluosinmuebles_departamentos_nivel_medio_entidad_cdmx_1_de_347, 16, 29, 17, 895350, 294521, 170, 265, 173038, 115638, 149705, 190990, 131425, 157148, 76, 51, 66, 84, 58, 69, NO, MAQ_SOP_VECT
avaluosinmuebles_departamentos_nivel_medio_entidad_cdmx_3_de_347, 6, 29, 13, 817666, 237420, 155, 171, 168262, 86131, 145391, 130765, 574662, 71129, 83, 42, 71, 64, 284, 35, NO, REDES_NEURONALES_FILT
avaluosinmuebles_departamentos_nivel_medio_entidad_cdmx_7_de_347, 17, 29, 8, 733117, 175812, 276, 444, 158382, 53094, 62731, 36511, 35570, 50247, 100, 33, 39, 23, 22, 31, SI, MAQ_SOP_VECT_FILT
avaluosinmuebles_departamentos_nivel_medio_entidad_cdmx_9_de_347, 9, 29, 4, 2006541, 144812, 261, 127, 286458, 312999, 215389, 112278, 120324, 159637, 234, 256, 176, 92, 98, 130, SI, REG_LIN_FILT
avaluosinmuebles_departamentos_nivel_medio_entidad_cdmx_11_de_347, 6, 29, 9, 2021833, 499728, 207, 305, 467401, 420089, 422844, 449286, 414413, 463912, 107, 96, 97, 103, 95, 106, NO, MAQ_SOP_VECT_FILT
avaluosinmuebles_departamentos_nivel_medio_entidad_cdmx_12_de_347, 19, 29, 17, 2481789, 1293204, 386, 449, 951238, 376333, 545966, 838583, 454923, 696988, 90, 35, 52, 80, 43, 66, NO, MAQ_SOP_VECT
avaluosinmuebles_departamentos_nivel_medio_entidad_cdmx_14_de_347, 11, 29, 9, 965090, 175208, 133, 98, 98433, 100606, 105127, 74319, 56391, 57166, 59, 60, 63, 45, 34, 34, SI, MAQ_SOP_VECT_FILT
avaluosinmuebles_departamentos_nivel_medio_entidad_cdmx_15_de_347, 13, 29, 12, 907100, 123236, 131, 129, 58805, 70073, 59290, 114704, 63503, 82642, 52, 62, 52, 102, 56, 73, NO, REG_LIN
avaluosinmuebles_departamentos_nivel_medio_entidad_cdmx_16_de_347, 8, 29, 9, 960000, 83640, 328, 233, 33374, 28003, 28224, 43989, 18602, 36762, 64, 54, 54, 85, 36, 71, NO, MAQ_SOP_VECT_FILT
avaluosinmuebles_departamentos_nivel_medio_entidad_cdmx_17_de_347, 8, 29, 7, 992625, 170974, 114, 210, 162108, 98368, 98404, 163857, 112818, 114685, 98, 60, 60, 100, 68, 69, NO, MAQ_SOP_VECT
avaluosinmuebles_departamentos_nivel_medio_entidad_cdmx_18_de_347, 8, 29, 6, 904250, 222800, 265, 333, 152973, 141295, 134049, 200945, 135660, 125681, 72, 66, 63, 95, 64, 59, NO, REDES_NEURONALES_FILT
avaluosinmuebles_departamentos_nivel_medio_entidad_cdmx_21_de_347, 25, 29, 4, 1236520, 115674, 76, 137, 73202, 71171, 2147483647, 78122, 75207, 85105, 75, 73, 2147483647, 80, 77, 87, SI, MAQ_SOP_VECT
avaluosinmuebles_departamentos_nivel_medio_entidad_cdmx_22_de_347, 15, 29, 14, 3085400, 1124152, 253, 171, 854962, 755780, 585114, 899738, 897041, 446584, 87, 77, 59, 91, 91, 45, NO, REDES_NEURONALES_FILT
avaluosinmuebles_departamentos_nivel_medio_entidad_cdmx_23_de_347, 9, 29, 7, 587333, 96793, 202, 255, 63478, 39628, 68146, 62803, 51661, 46766, 97, 60, 104, 96, 79, 71, SI, MAQ_SOP_VECT
avaluosinmuebles_departamentos_nivel_medio_entidad_cdmx_26_de_347, 8, 29, 5, 833125, 99311, 209, 207, 34158, 36641, 36726, 37159, 22807, 11859, 35, 37, 37, 38, 23, 12, SI, REDES_NEURONALES_FILT
avaluosinmuebles_departamentos_nivel_medio_entidad_cdmx_27_de_347, 11, 29, 16, 2570727, 1025497, 250, 317, 668024, 656189, 529412, 696272, 587177, 593545, 73, 71, 57, 76, 64, 64, NO, REDES_NEURONALES
avaluosinmuebles_departamentos_nivel_medio_entidad_cdmx_28_de_347, 13, 29, 19, 1070230, 245494, 347, 209, 206996, 217182, 200071, 217724, 261926, 225249, 108, 114, 105, 114, 137, 118, NO, REDES_NEURONALES
avaluosinmuebles_departamentos_nivel_medio_entidad_cdmx_29_de_347, 8, 29, 13, 1885125, 993461, 176, 90, 351555, 425757, 402981, 680035, 280382, 258940, 36, 44, 41, 70, 29, 26, NO, REDES_NEURONALES_FILT
avaluosinmuebles_departamentos_nivel_medio_entidad_cdmx_30_de_347, 13, 29, 14, 2026615, 682110, 247, 136, 656295, 260618, 262958, 425269, 218682, 233051, 115, 45, 46, 75, 38, 41, SI, MAQ_SOP_VECT_FILT
avaluosinmuebles_departamentos_nivel_medio_entidad_cdmx_32_de_347, 13, 29, 5, 852307, 165773, 235, 552, 75690, 76125, 70727, 95920, 61164, 59482, 52, 52, 49, 66, 42, 41, SI, REDES_NEURONALES_FILT
avaluosinmuebles_departamentos_nivel_medio_entidad_cdmx_33_de_347, 12, 29, 5, 957083, 109397, 238, 273, 77644, 69668, 61404, 41493, 28323, 45641, 80, 71, 63, 42, 29, 47, SI, MAQ_SOP_VECT_FILT
avaluosinmuebles_departamentos_nivel_medio_entidad_cdmx_35_de_347, 16, 29, 10, 1011162, 175625, 211, 149, 106368, 49252, 56739, 139319, 141512, 238127, 75, 34, 40, 98, 100, 169, NO, MAQ_SOP_VECT
avaluosinmuebles_departamentos_nivel_medio_entidad_cdmx_36_de_347, 13, 29, 9, 1831461, 869227, 350, 181, 122061, 70292, 78791, 538017, 171266, 212635, 16, 9, 10, 73, 23, 28, NO, MAQ_SOP_VECT
avaluosinmuebles_departamentos_nivel_medio_entidad_cdmx_39_de_347, 13, 29, 15, 1189153, 489817, 428, 416, 134699, 106166, 127046, 438988, 157870, 165679, 34, 27, 32, 112, 40, 42, NO, MAQ_SOP_VECT
avaluosinmuebles_departamentos_nivel_medio_entidad_cdmx_40_de_347, 12, 29, 12, 1078433, 641217, 348, 60, 211635, 264634, 279593, 568288, 219776, 158895, 35, 44, 47, 95, 37, 26, NO, REDES_NEURONALES_FILT
avaluosinmuebles_departamentos_nivel_medio_entidad_cdmx_43_de_347, 6, 29, 12, 1268833, 482293, 358, 187, 273780, 281891, 361991, 356866, 99811, 254015, 76, 78, 101, 100, 27, 71, SI, MAQ_SOP_VECT_FILT
avaluosinmuebles_departamentos_nivel_medio_entidad_cdmx_45_de_347, 6, 29, 4, 1015333, 193368, 33, 35, 139358, 146767, 153664, 69690, 75784, 74947, 88, 93, 97, 44, 48, 47, SI, REG_LIN_FILT
avaluosinmuebles_departamentos_nivel_medio_entidad_cdmx_48_de_347, 12, 29, 5, 1301076, 405538, 338, 154, 247891, 310145, 303172, 234123, 125074, 287868, 84, 105, 103, 79, 42, 98, SI, MAQ_SOP_VECT_FILT
avaluosinmuebles_departamentos_nivel_medio_entidad_cdmx_49_de_347, 11, 29, 14, 1372545, 436458, 187, 260, 318026, 263440, 259552, 352504, 221403, 200320, 81, 67, 66, 89, 56, 51, SI, REDES_NEURONALES_FILT
avaluosinmuebles_departamentos_nivel_medio_entidad_cdmx_50_de_347, 15, 29, 20, 909533, 201004, 431, 302, 146087, 106670, 103901, 146309, 88222, 68506, 86, 63, 61, 86, 52, 40, SI, REDES_NEURONALES_FILT
avaluosinmuebles_departamentos_nivel_medio_entidad_cdmx_52_de_347, 18, 29, 6, 1279471, 275189, 202, 162, 208599, 612492, 150184, 84756, 116689, 108974, 100, 293, 71, 40, 55, 52, SI, REG_LIN_FILT
avaluosinmuebles_departamentos_nivel_medio_entidad_cdmx_53_de_347, 92, 29, 19, 1779370, 416246, 272, 231, 164690, 148171, 189864, 155788, 140265, 209676, 52, 46, 60, 49, 44, 66, NO, MAQ_SOP_VECT_FILT
avaluosinmuebles_departamentos_nivel_medio_entidad_cdmx_56_de_347, 59, 29, 4, 883779, 74887, 356, 161, 78301, 42551, 33941, 41404, 44752, 46646, 139, 75, 60, 73, 79, 83, SI, REDES_NEURONALES
avaluosinmuebles_departamentos_nivel_medio_entidad_cdmx_58_de_347, 15, 29, 12, 1028733, 365052, 204, 289, 155014, 168374, 154897, 140494, 157527, 188882, 50, 54, 50, 45, 51, 61, NO, REG_LIN_FILT
avaluosinmuebles_departamentos_nivel_medio_entidad_cdmx_59_de_347, 45, 29, 9, 977555, 111997, 111, 51, 167690, 29336, 42908, 59427, 47389, 73068, 228, 39, 58, 80, 64, 99, SI, MAQ_SOP_VECT
avaluosinmuebles_departamentos_nivel_medio_entidad_cdmx_60_de_347, 61, 29, 11, 1509409, 449011, 123, 118, 225994, 148245, 97658, 113031, 72429, 119236, 70, 46, 30, 35, 22, 37, SI, MAQ_SOP_VECT_FILT
avaluosinmuebles_departamentos_nivel_medio_entidad_cdmx_61_de_347, 46, 29, 16, 1353468, 222874, 167, 254, 42679, 47020, 43089, 64429, 50961, 46110, 28, 30, 28, 42, 33, 30, NO, REG_LIN
avaluosinmuebles_departamentos_nivel_medio_entidad_cdmx_62_de_347, 10, 29, 11, 773300, 145321, 115, 196, 45446, 34396, 45181, 160127, 60506, 61847, 35, 26, 35, 124, 47, 48, NO, MAQ_SOP_VECT
avaluosinmuebles_departamentos_nivel_medio_entidad_cdmx_63_de_347, 38, 29, 18, 978394, 265309, 396, 196, 176883, 163430, 106702, 121343, 91434, 117487, 82, 75, 49, 56, 42, 54, SI, MAQ_SOP_VECT_FILT
avaluosinmuebles_departamentos_nivel_medio_entidad_cdmx_65_de_347, 9, 29, 14, 1165222, 526537, 486, 248, 343816, 330656, 300156, 343902, 126711, 136092, 70, 68, 61, 70, 26, 28, SI, MAQ_SOP_VECT_FILT
avaluosinmuebles_departamentos_nivel_medio_entidad_cdmx_66_de_347, 115, 29, 5, 1179704, 251941, 132, 296, 163512, 119587, 158334, 127973, 108112, 120869, 88, 64, 85, 69, 58, 65, SI, MAQ_SOP_VECT_FILT
avaluosinmuebles_departamentos_nivel_medio_entidad_cdmx_68_de_347, 6, 29, 14, 1533666, 817797, 111, 106, 527753, 446527, 540674, 443226, 416618, 534169, 65, 55, 67, 55, 51, 66, SI, MAQ_SOP_VECT_FILT
avaluosinmuebles_departamentos_nivel_medio_entidad_cdmx_71_de_347, 22, 29, 20, 1356954, 302240, 215, 226, 388734, 219799, 204509, 254724, 223667, 174849, 152, 86, 80, 100, 87, 68, SI, REDES_NEURONALES_FILT
avaluosinmuebles_departamentos_nivel_medio_entidad_cdmx_72_de_347, 58, 29, 7, 1406310, 265809, 57, 22, 82154, 59056, 86428, 77217, 71452, 88844, 46, 33, 48, 43, 40, 49, NO, MAQ_SOP_VECT
avaluosinmuebles_departamentos_nivel_medio_entidad_cdmx_73_de_347, 23, 29, 11, 989913, 279489, 282, 284, 213993, 131730, 143267, 157602, 159793, 160122, 91, 56, 61, 67, 68, 68, SI, MAQ_SOP_VECT
avaluosinmuebles_departamentos_nivel_medio_entidad_cdmx_74_de_347, 30, 29, 19, 1288186, 356310, 282, 248, 192238, 119790, 189148, 184893, 105811, 180090, 60, 37, 59, 58, 33, 56, SI, MAQ_SOP_VECT_FILT
avaluosinmuebles_departamentos_nivel_medio_entidad_cdmx_75_de_347, 9, 29, 6, 1144555, 82713, 141, 190, 142893, 71387, 69695, 58328, 22332, 45806, 185, 92, 90, 75, 28, 59, SI, MAQ_SOP_VECT_FILT
avaluosinmuebles_departamentos_nivel_medio_entidad_cdmx_76_de_347, 8, 29, 3, 639875, 95665, 238, 168, 59141, 57965, 53278, 37877, 24751, 54390, 77, 75, 69, 49, 32, 70, SI, MAQ_SOP_VECT_FILT
avaluosinmuebles_departamentos_nivel_medio_entidad_cdmx_77_de_347, 34, 29, 9, 1450705, 508257, 397, 284, 199350, 119577, 155822, 112790, 79953, 161177, 52, 31, 41, 29, 21, 42, SI, MAQ_SOP_VECT_FILT
avaluosinmuebles_departamentos_nivel_medio_entidad_cdmx_78_de_347, 26, 29, 6, 944115, 218024, 181, 297, 225626, 130767, 146627, 107500, 188938, 125470, 115, 66, 74, 54, 96, 64, SI, REG_LIN_FILT
avaluosinmuebles_departamentos_nivel_medio_entidad_cdmx_79_de_347, 18, 29, 14, 1211117, 324958, 236, 443, 251081, 248665, 179516, 262437, 258715, 167140, 100, 99, 71, 104, 103, 66, NO, REDES_NEURONALES_FILT
avaluosinmuebles_departamentos_nivel_medio_entidad_cdmx_80_de_347, 6, 29, 12, 662666, 150845, 390, 246, 158208, 132039, 126204, 135847, 99629, 109599, 107, 89, 85, 92, 67, 74, SI, MAQ_SOP_VECT_FILT
avaluosinmuebles_departamentos_nivel_medio_entidad_cdmx_82_de_347, 16, 29, 6, 2365437, 937845, 228, 130, 738986, 198186, 219834, 95018, 107824, 139172, 99, 26, 29, 12, 14, 18, SI, REG_LIN_FILT
avaluosinmuebles_departamentos_nivel_medio_entidad_cdmx_84_de_347, 6, 29, 16, 1236500, 374800, 401, 84, 254218, 230762, 265536, 384126, 284117, 344965, 76, 69, 80, 115, 85, 104, NO, MAQ_SOP_VECT
avaluosinmuebles_departamentos_nivel_medio_entidad_cdmx_88_de_347, 42, 29, 6, 942283, 122142, 339, 388, 142162, 80169, 104418, 79083, 88432, 109298, 133, 75, 97, 74, 82, 102, SI, REG_LIN_FILT
avaluosinmuebles_departamentos_nivel_medio_entidad_cdmx_89_de_347, 11, 29, 6, 2138000, 606451, 265, 444, 209038, 179778, 160295, 223721, 185218, 164272, 33, 29, 26, 36, 30, 26, NO, REDES_NEURONALES
avaluosinmuebles_departamentos_nivel_medio_entidad_cdmx_92_de_347, 12, 29, 11, 1044583, 469531, 213, 199, 262226, 234585, 201698, 372343, 144124, 239831, 74, 66, 57, 105, 40, 68, NO, MAQ_SOP_VECT_FILT
avaluosinmuebles_departamentos_nivel_medio_entidad_cdmx_93_de_347, 13, 29, 9, 1057076, 168901, 142, 154, 99839, 146424, 152367, 195292, 175451, 133663, 87, 128, 133, 171, 153, 117, NO, REG_LIN
avaluosinmuebles_departamentos_nivel_medio_entidad_cdmx_101_de_347, 15, 29, 14, 1466400, 298310, 157, 116, 223460, 133820, 109478, 165539, 81208, 66494, 100, 59, 48, 74, 36, 29, SI, REDES_NEURONALES_FILT
avaluosinmuebles_departamentos_nivel_medio_entidad_cdmx_104_de_347, 6, 29, 8, 719333, 58318, 70, 128, 55844, 66139, 63807, 72925, 72983, 46236, 128, 152, 146, 167, 167, 106, NO, REDES_NEURONALES_FILT
avaluosinmuebles_departamentos_nivel_medio_entidad_cdmx_105_de_347, 22, 29, 22, 1845863, 387852, 129, 156, 321417, 200165, 191859, 311100, 178574, 184223, 100, 62, 59, 96, 55, 57, SI, MAQ_SOP_VECT_FILT
avaluosinmuebles_departamentos_nivel_medio_entidad_cdmx_106_de_347, 12, 29, 17, 923750, 121107, 186, 188, 223194, 220470, 201782, 235435, 168862, 171792, 207, 204, 187, 218, 156, 159, SI, MAQ_SOP_VECT_FILT
avaluosinmuebles_departamentos_nivel_medio_entidad_cdmx_107_de_347, 71, 29, 16, 1909929, 489211, 207, 243, 134735, 120729, 163120, 118347, 97170, 179721, 38, 34, 46, 33, 27, 51, SI, MAQ_SOP_VECT_FILT
avaluosinmuebles_departamentos_nivel_medio_entidad_cdmx_108_de_347, 6, 29, 4, 982500, 84211, 80, 49, 72195, 84321, 78480, 53833, 48841, 43187, 111, 130, 121, 83, 75, 66, SI, REDES_NEURONALES_FILT
avaluosinmuebles_departamentos_nivel_medio_entidad_cdmx_109_de_347, 11, 29, 8, 1330818, 345532, 258, 322, 122692, 174592, 174947, 116018, 138542, 219014, 39, 56, 56, 37, 44, 71, NO, REG_LIN_FILT
avaluosinmuebles_departamentos_nivel_medio_entidad_cdmx_110_de_347, 7, 29, 14, 1085142, 42877, 125, 65, 49910, 73459, 71755, 42767, 56485, 57695, 124, 182, 178, 106, 140, 143, SI, REG_LIN_FILT
avaluosinmuebles_departamentos_nivel_medio_entidad_cdmx_111_de_347, 32, 29, 6, 1502562, 465340, 277, 223, 257210, 164210, 235690, 222858, 187199, 316019, 69, 44, 63, 59, 50, 85, NO, MAQ_SOP_VECT
avaluosinmuebles_departamentos_nivel_medio_entidad_cdmx_115_de_347, 6, 29, 10, 825833, 190375, 92, 192, 165435, 207284, 253090, 101507, 78304, 88670, 99, 124, 151, 60, 46, 53, SI, MAQ_SOP_VECT_FILT
avaluosinmuebles_departamentos_nivel_medio_entidad_cdmx_118_de_347, 19, 29, 12, 1689684, 763142, 324, 204, 426466, 411135, 534988, 230067, 430640, 324333, 68, 66, 85, 36, 69, 52, SI, REG_LIN_FILT
avaluosinmuebles_departamentos_nivel_medio_entidad_cdmx_119_de_347, 22, 29, 5, 1317090, 95850, 63, 71, 77493, 31771, 48010, 59704, 53520, 55095, 100, 40, 61, 77, 69, 71, NO, MAQ_SOP_VECT
avaluosinmuebles_departamentos_nivel_medio_entidad_cdmx_121_de_347, 8, 29, 8, 1668500, 275431, 146, 188, 273221, 173872, 273443, 296683, 156449, 156408, 105, 66, 105, 114, 60, 60, SI, REDES_NEURONALES_FILT
avaluosinmuebles_departamentos_nivel_medio_entidad_cdmx_124_de_347, 6, 29, 9, 1104666, 433096, 507, 208, 266786, 220289, 285404, 420266, 101051, 186092, 63, 52, 67, 100, 24, 44, SI, MAQ_SOP_VECT_FILT
avaluosinmuebles_departamentos_nivel_medio_entidad_cdmx_125_de_347, 45, 29, 16, 2026311, 739582, 230, 306, 397518, 354528, 216397, 289214, 311414, 283486, 65, 58, 35, 47, 51, 46, SI, REDES_NEURONALES
avaluosinmuebles_departamentos_nivel_medio_entidad_cdmx_126_de_347, 29, 29, 7, 1655655, 184315, 85, 65, 83801, 38978, 46048, 41788, 47802, 53674, 69, 32, 38, 34, 39, 44, SI, MAQ_SOP_VECT
avaluosinmuebles_departamentos_nivel_medio_entidad_cdmx_128_de_347, 55, 29, 18, 1782955, 544678, 244, 203, 184111, 170760, 219642, 172234, 172600, 216179, 43, 40, 51, 40, 40, 50, SI, MAQ_SOP_VECT
avaluosinmuebles_departamentos_nivel_medio_entidad_cdmx_129_de_347, 17, 29, 17, 1918282, 702224, 303, 152, 495248, 433948, 405431, 449047, 426092, 487588, 89, 78, 73, 81, 76, 88, NO, REDES_NEURONALES
avaluosinmuebles_departamentos_nivel_medio_entidad_cdmx_130_de_347, 6, 29, 4, 1477833, 106245, 95, 168, 87075, 59134, 50800, 36333, 26570, 23635, 81, 55, 47, 33, 24, 22, SI, REDES_NEURONALES_FILT
avaluosinmuebles_departamentos_nivel_medio_entidad_cdmx_131_de_347, 21, 29, 17, 946756, 339197, 266, 350, 300976, 160344, 222989, 151326, 177657, 194455, 100, 53, 74, 50, 59, 64, SI, REG_LIN_FILT
avaluosinmuebles_departamentos_nivel_medio_entidad_cdmx_132_de_347, 18, 29, 7, 1334888, 391119, 197, 226, 357092, 422130, 369508, 106618, 97134, 313122, 146, 172, 151, 43, 39, 128, SI, MAQ_SOP_VECT_FILT
avaluosinmuebles_departamentos_nivel_medio_entidad_cdmx_133_de_347, 9, 29, 10, 1106788, 300219, 308, 353, 269734, 278948, 276765, 267408, 97454, 155575, 100, 104, 103, 100, 36, 58, SI, MAQ_SOP_VECT_FILT
avaluosinmuebles_departamentos_nivel_medio_entidad_cdmx_134_de_347, 19, 29, 18, 3078526, 977799, 321, 288, 981989, 467752, 364380, 805127, 581538, 411353, 114, 54, 42, 93, 67, 47, SI, REDES_NEURONALES
avaluosinmuebles_departamentos_nivel_medio_entidad_cdmx_137_de_347, 8, 29, 16, 2801250, 874476, 109, 226, 198446, 311559, 321340, 648233, 312301, 342446, 22, 35, 37, 74, 36, 39, NO, REG_LIN
avaluosinmuebles_departamentos_nivel_medio_entidad_cdmx_138_de_347, 37, 29, 13, 1368918, 379456, 195, 277, 254614, 269753, 239653, 201419, 153442, 196214, 94, 100, 89, 74, 57, 73, SI, MAQ_SOP_VECT_FILT
avaluosinmuebles_departamentos_nivel_medio_entidad_cdmx_140_de_347, 23, 29, 13, 891391, 251685, 271, 239, 156226, 201048, 145814, 107821, 125117, 117294, 77, 99, 72, 53, 62, 58, SI, REG_LIN_FILT
avaluosinmuebles_departamentos_nivel_medio_entidad_cdmx_141_de_347, 6, 29, 5, 689833, 156006, 112, 396, 156841, 111008, 102601, 160266, 36290, 36693, 97, 69, 64, 100, 22, 22, SI, MAQ_SOP_VECT_FILT
avaluosinmuebles_departamentos_nivel_medio_entidad_cdmx_142_de_347, 19, 29, 17, 866684, 211289, 178, 93, 147963, 59531, 61970, 154884, 51727, 48418, 86, 34, 36, 90, 30, 28, SI, REDES_NEURONALES_FILT
avaluosinmuebles_departamentos_nivel_medio_entidad_cdmx_143_de_347, 48, 29, 15, 1264604, 582275, 230, 180, 225736, 194449, 179158, 230398, 189894, 190149, 43, 37, 34, 44, 36, 36, NO, REDES_NEURONALES
avaluosinmuebles_departamentos_nivel_medio_entidad_cdmx_145_de_347, 16, 29, 16, 1959125, 621710, 288, 346, 275952, 309203, 318068, 559406, 155645, 207835, 49, 55, 56, 100, 27, 37, NO, MAQ_SOP_VECT_FILT
avaluosinmuebles_departamentos_nivel_medio_entidad_cdmx_146_de_347, 6, 29, 19, 687166, 192221, 372, 390, 95605, 106344, 126391, 81307, 87683, 87207, 55, 62, 73, 47, 51, 50, SI, REG_LIN_FILT
avaluosinmuebles_departamentos_nivel_medio_entidad_cdmx_147_de_347, 76, 29, 16, 2034041, 525344, 241, 255, 245271, 232264, 238029, 248899, 210605, 281062, 57, 54, 55, 57, 49, 65, NO, MAQ_SOP_VECT_FILT
avaluosinmuebles_departamentos_nivel_medio_entidad_cdmx_149_de_347, 13, 29, 13, 1402461, 441428, 265, 186, 166227, 111519, 122410, 395380, 86704, 125830, 42, 28, 30, 100, 21, 31, NO, MAQ_SOP_VECT_FILT
avaluosinmuebles_departamentos_nivel_medio_entidad_cdmx_152_de_347, 17, 29, 9, 1859941, 422899, 102, 143, 107634, 197105, 195818, 168698, 185661, 232667, 33, 60, 60, 51, 56, 71, NO, REG_LIN
avaluosinmuebles_departamentos_nivel_medio_entidad_cdmx_154_de_347, 34, 29, 20, 2237882, 1083396, 273, 231, 793969, 380795, 321438, 494755, 299901, 451319, 77, 37, 31, 48, 29, 44, SI, MAQ_SOP_VECT_FILT
avaluosinmuebles_departamentos_nivel_medio_entidad_cdmx_158_de_347, 12, 29, 15, 1085525, 343838, 196, 162, 188177, 179796, 185101, 336201, 254027, 263923, 63, 60, 62, 113, 85, 88, NO, MAQ_SOP_VECT
avaluosinmuebles_departamentos_nivel_medio_entidad_cdmx_159_de_347, 8, 29, 7, 848875, 135684, 126, 234, 83887, 79486, 79463, 71430, 41739, 45537, 79, 75, 75, 67, 39, 43, SI, MAQ_SOP_VECT_FILT
avaluosinmuebles_departamentos_nivel_medio_entidad_cdmx_160_de_347, 12, 29, 9, 1413333, 135441, 193, 140, 115922, 106732, 114411, 96184, 77095, 80837, 102, 94, 101, 85, 68, 71, SI, MAQ_SOP_VECT_FILT
avaluosinmuebles_departamentos_nivel_medio_entidad_cdmx_161_de_347, 66, 29, 16, 1215196, 257416, 173, 219, 127321, 116685, 130810, 133763, 109209, 95444, 72, 66, 74, 75, 62, 54, SI, REDES_NEURONALES_FILT
avaluosinmuebles_departamentos_nivel_medio_entidad_cdmx_162_de_347, 90, 29, 5, 1142044, 120334, 74, 61, 76032, 80956, 76647, 78153, 65827, 83134, 85, 90, 85, 87, 73, 93, SI, MAQ_SOP_VECT_FILT
avaluosinmuebles_departamentos_nivel_medio_entidad_cdmx_163_de_347, 75, 29, 4, 1482040, 208502, 144, 96, 225532, 113798, 162970, 133017, 135292, 167695, 152, 77, 110, 90, 91, 113, SI, MAQ_SOP_VECT
avaluosinmuebles_departamentos_nivel_medio_entidad_cdmx_164_de_347, 11, 29, 9, 1120090, 258386, 142, 237, 240205, 168254, 184084, 210946, 98670, 142551, 98, 69, 75, 86, 40, 58, SI, MAQ_SOP_VECT_FILT
avaluosinmuebles_departamentos_nivel_medio_entidad_cdmx_167_de_347, 14, 29, 13, 946857, 477114, 199, 263, 258973, 189769, 192429, 239300, 95525, 111624, 77, 56, 57, 71, 28, 33, SI, MAQ_SOP_VECT_FILT
avaluosinmuebles_departamentos_nivel_medio_entidad_cdmx_169_de_347, 11, 29, 7, 1854727, 854181, 356, 189, 857618, 912246, 859521, 732553, 651325, 1341285, 127, 135, 127, 108, 96, 199, NO, MAQ_SOP_VECT_FILT
avaluosinmuebles_departamentos_nivel_medio_entidad_cdmx_170_de_347, 17, 29, 9, 1053941, 244697, 354, 252, 182201, 133479, 133723, 95443, 85831, 82490, 86, 63, 63, 45, 40, 39, SI, REDES_NEURONALES_FILT
avaluosinmuebles_departamentos_nivel_medio_entidad_cdmx_172_de_347, 14, 29, 7, 1151571, 175330, 85, 266, 155227, 66058, 81128, 97726, 75222, 97365, 92, 39, 48, 58, 45, 58, SI, MAQ_SOP_VECT
avaluosinmuebles_departamentos_nivel_medio_entidad_cdmx_173_de_347, 12, 29, 4, 1045250, 299170, 179, 302, 299272, 132278, 201117, 107870, 130242, 135522, 100, 44, 67, 36, 43, 45, SI, REG_LIN_FILT
avaluosinmuebles_departamentos_nivel_medio_entidad_cdmx_177_de_347, 19, 29, 9, 1204368, 208723, 188, 218, 172232, 205540, 175728, 146153, 110201, 237489, 115, 137, 117, 97, 73, 159, SI, MAQ_SOP_VECT_FILT
avaluosinmuebles_departamentos_nivel_medio_entidad_cdmx_180_de_347, 7, 29, 8, 1187428, 333974, 160, 227, 226404, 62706, 65953, 270761, 101873, 164717, 83, 23, 24, 100, 37, 60, NO, MAQ_SOP_VECT
avaluosinmuebles_departamentos_nivel_medio_entidad_cdmx_181_de_347, 17, 29, 8, 2032470, 611892, 265, 266, 484089, 121521, 226913, 222853, 125483, 225966, 85, 21, 40, 39, 22, 39, SI, MAQ_SOP_VECT
avaluosinmuebles_departamentos_nivel_medio_entidad_cdmx_183_de_347, 30, 29, 14, 960466, 190084, 88, 73, 75244, 110781, 93052, 63243, 87230, 73354, 51, 75, 63, 43, 59, 50, SI, REG_LIN_FILT
avaluosinmuebles_departamentos_nivel_medio_entidad_cdmx_185_de_347, 6, 29, 19, 695589, 33313, 245, 529, 6082, 915, 552, 6082, 244, 178, 16, 2, 1, 16, 0, 0, SI, REDES_NEURONALES_FILT
avaluosinmuebles_departamentos_nivel_medio_entidad_cdmx_186_de_347, 10, 29, 5, 1374400, 126690, 193, 244, 109455, 47999, 55073, 57584, 48569, 72685, 93, 40, 46, 49, 41, 61, SI, MAQ_SOP_VECT
avaluosinmuebles_departamentos_nivel_medio_entidad_cdmx_187_de_347, 54, 29, 15, 1084314, 150163, 141, 113, 152928, 59675, 68436, 45725, 38362, 50405, 128, 50, 57, 38, 32, 42, SI, MAQ_SOP_VECT_FILT
avaluosinmuebles_departamentos_nivel_medio_entidad_cdmx_188_de_347, 157, 29, 10, 1100391, 121440, 53, 126, 28009, 16341, 24215, 28929, 20182, 26924, 31, 18, 27, 32, 22, 30, NO, MAQ_SOP_VECT
avaluosinmuebles_departamentos_nivel_medio_entidad_cdmx_189_de_347, 45, 29, 19, 1536039, 436367, 173, 174, 233285, 158624, 254254, 185489, 131663, 285175, 71, 48, 78, 57, 40, 87, SI, MAQ_SOP_VECT_FILT
avaluosinmuebles_departamentos_nivel_medio_entidad_cdmx_192_de_347, 51, 29, 14, 1944529, 836014, 207, 201, 339112, 332434, 478025, 349539, 369698, 428585, 51, 50, 73, 53, 56, 65, SI, MAQ_SOP_VECT
avaluosinmuebles_departamentos_nivel_medio_entidad_cdmx_193_de_347, 67, 29, 19, 1761432, 576097, 252, 234, 159905, 147095, 195725, 159727, 184364, 165017, 34, 31, 42, 34, 39, 35, NO, MAQ_SOP_VECT
avaluosinmuebles_departamentos_nivel_medio_entidad_cdmx_194_de_347, 54, 29, 18, 1646370, 402794, 319, 159, 164200, 127208, 213758, 134022, 148765, 268241, 49, 38, 64, 40, 45, 81, NO, MAQ_SOP_VECT
avaluosinmuebles_departamentos_nivel_medio_entidad_cdmx_196_de_347, 12, 29, 11, 1385750, 534936, 349, 393, 472543, 429324, 447421, 415990, 323583, 319522, 113, 103, 107, 100, 77, 76, SI, REDES_NEURONALES_FILT
avaluosinmuebles_departamentos_nivel_medio_entidad_cdmx_197_de_347, 29, 29, 11, 1692620, 636451, 203, 217, 381134, 289111, 354313, 149844, 161599, 281124, 70, 53, 65, 27, 29, 51, SI, REG_LIN_FILT
avaluosinmuebles_departamentos_nivel_medio_entidad_cdmx_198_de_347, 12, 29, 7, 1672500, 548932, 158, 406, 415809, 159950, 168490, 151266, 126303, 145840, 89, 34, 36, 32, 27, 31, SI, MAQ_SOP_VECT_FILT
avaluosinmuebles_departamentos_nivel_medio_entidad_cdmx_199_de_347, 13, 29, 7, 1264538, 273813, 170, 276, 219530, 156880, 153293, 124880, 110934, 139778, 92, 66, 64, 52, 46, 58, SI, MAQ_SOP_VECT_FILT
avaluosinmuebles_departamentos_nivel_medio_entidad_cdmx_200_de_347, 11, 29, 19, 2347454, 815728, 177, 281, 546583, 469192, 468348, 546583, 466023, 523017, 74, 64, 64, 74, 63, 71, NO, MAQ_SOP_VECT_FILT
avaluosinmuebles_departamentos_nivel_medio_entidad_cdmx_201_de_347, 6, 29, 6, 919833, 144094, 129, 149, 46291, 42152, 43757, 147333, 15444, 10668, 31, 28, 29, 100, 10, 7, NO, REDES_NEURONALES_FILT
avaluosinmuebles_departamentos_nivel_medio_entidad_cdmx_202_de_347, 40, 29, 12, 1071575, 261836, 234, 350, 161467, 173623, 108769, 84291, 99088, 107407, 70, 75, 47, 36, 42, 46, SI, REG_LIN_FILT
avaluosinmuebles_departamentos_nivel_medio_entidad_cdmx_203_de_347, 42, 29, 16, 2414119, 834042, 269, 174, 304230, 199714, 270913, 173721, 151449, 283770, 43, 28, 38, 24, 21, 40, SI, MAQ_SOP_VECT_FILT
avaluosinmuebles_departamentos_nivel_medio_entidad_cdmx_204_de_347, 37, 29, 14, 1930702, 729722, 180, 215, 502776, 193865, 209098, 199548, 145669, 188597, 104, 40, 43, 41, 30, 39, SI, MAQ_SOP_VECT_FILT
avaluosinmuebles_departamentos_nivel_medio_entidad_cdmx_205_de_347, 38, 29, 5, 1584684, 455780, 150, 154, 220217, 149366, 170440, 217469, 198475, 205912, 59, 40, 46, 58, 53, 55, NO, MAQ_SOP_VECT
avaluosinmuebles_departamentos_nivel_medio_entidad_cdmx_206_de_347, 7, 29, 7, 879428, 141481, 127, 148, 126676, 107674, 83175, 120238, 38091, 77251, 105, 89, 69, 100, 31, 64, SI, MAQ_SOP_VECT_FILT
avaluosinmuebles_departamentos_nivel_medio_entidad_cdmx_207_de_347, 36, 29, 16, 2646155, 881776, 280, 265, 485666, 248046, 307301, 450897, 368426, 400711, 67, 34, 42, 62, 51, 55, NO, MAQ_SOP_VECT
avaluosinmuebles_departamentos_nivel_medio_entidad_cdmx_208_de_347, 42, 29, 18, 1439666, 370026, 252, 132, 182970, 98609, 126185, 133926, 97645, 141357, 64, 34, 44, 46, 34, 49, SI, MAQ_SOP_VECT_FILT
avaluosinmuebles_departamentos_nivel_medio_entidad_cdmx_209_de_347, 47, 29, 22, 1316319, 328742, 246, 322, 163690, 169301, 201127, 169154, 153311, 229449, 62, 64, 77, 64, 58, 88, NO, MAQ_SOP_VECT_FILT
avaluosinmuebles_departamentos_nivel_medio_entidad_cdmx_210_de_347, 24, 29, 9, 1232500, 301071, 169, 233, 172462, 69421, 65529, 82149, 91887, 134856, 62, 25, 23, 29, 33, 48, NO, REDES_NEURONALES
avaluosinmuebles_departamentos_nivel_medio_entidad_cdmx_212_de_347, 10, 29, 17, 787400, 84631, 89, 119, 91022, 95337, 89718, 86944, 95197, 82345, 119, 125, 117, 114, 124, 108, SI, REDES_NEURONALES_FILT
avaluosinmuebles_departamentos_nivel_medio_entidad_cdmx_215_de_347, 15, 29, 10, 984066, 201078, 438, 360, 174745, 92750, 129886, 153915, 132037, 174694, 100, 53, 74, 88, 75, 100, NO, MAQ_SOP_VECT
avaluosinmuebles_departamentos_nivel_medio_entidad_cdmx_217_de_347, 60, 29, 14, 1310500, 186605, 156, 134, 86541, 64312, 92115, 56406, 50001, 72508, 84, 62, 90, 55, 48, 70, SI, MAQ_SOP_VECT_FILT
avaluosinmuebles_departamentos_nivel_medio_entidad_cdmx_218_de_347, 102, 29, 15, 2093539, 799714, 181, 257, 179407, 173688, 164560, 171310, 171785, 165006, 25, 24, 23, 24, 24, 23, SI, REDES_NEURONALES
avaluosinmuebles_departamentos_nivel_medio_entidad_cdmx_221_de_347, 14, 29, 18, 1950714, 553411, 281, 352, 245876, 255230, 291909, 406833, 255332, 308104, 47, 49, 56, 78, 49, 59, NO, REG_LIN
avaluosinmuebles_departamentos_nivel_medio_entidad_cdmx_222_de_347, 7, 29, 7, 751285, 94894, 114, 30, 154564, 135510, 60748, 91380, 20812, 19078, 169, 148, 66, 100, 22, 20, SI, REDES_NEURONALES_FILT
avaluosinmuebles_departamentos_nivel_medio_entidad_cdmx_223_de_347, 60, 29, 15, 2427898, 933990, 283, 259, 295637, 289948, 297733, 255263, 266701, 387393, 36, 36, 37, 31, 33, 48, NO, REG_LIN_FILT
avaluosinmuebles_departamentos_nivel_medio_entidad_cdmx_224_de_347, 8, 29, 18, 2985850, 1419784, 419, 294, 1167566, 1096487, 1021859, 1697564, 1576488, 916285, 80, 75, 70, 116, 108, 63, NO, REDES_NEURONALES_FILT
avaluosinmuebles_departamentos_nivel_medio_entidad_cdmx_227_de_347, 23, 29, 15, 1456652, 261468, 131, 167, 190413, 71933, 86471, 108282, 73423, 90721, 100, 37, 45, 56, 38, 47, SI, MAQ_SOP_VECT
avaluosinmuebles_departamentos_nivel_medio_entidad_cdmx_228_de_347, 6, 29, 10, 1792166, 448390, 417, 357, 321274, 319976, 302221, 378056, 402501, 409769, 73, 72, 68, 86, 91, 93, NO, REDES_NEURONALES
avaluosinmuebles_departamentos_nivel_medio_entidad_cdmx_229_de_347, 19, 29, 8, 1343315, 205169, 185, 149, 183286, 214715, 228656, 143925, 135549, 251169, 101, 118, 126, 79, 74, 138, SI, MAQ_SOP_VECT_FILT
avaluosinmuebles_departamentos_nivel_medio_entidad_cdmx_230_de_347, 15, 29, 7, 1205200, 411835, 363, 321, 321154, 279488, 210548, 262821, 235359, 254834, 88, 76, 57, 72, 64, 70, SI, REDES_NEURONALES
avaluosinmuebles_departamentos_nivel_medio_entidad_cdmx_231_de_347, 11, 29, 5, 483454, 41790, 617, 148, 5774, 6588, 6908, 17063, 8301, 11560, 14, 17, 17, 44, 21, 29, NO, REG_LIN
avaluosinmuebles_departamentos_nivel_medio_entidad_cdmx_233_de_347, 6, 29, 7, 1076500, 225013, 94, 250, 193348, 227686, 240299, 194800, 102955, 126619, 99, 116, 123, 100, 52, 64, SI, MAQ_SOP_VECT_FILT
avaluosinmuebles_departamentos_nivel_medio_entidad_cdmx_234_de_347, 17, 29, 9, 1750941, 506164, 242, 202, 445031, 127411, 102765, 311219, 179029, 138090, 100, 28, 23, 69, 40, 31, SI, REDES_NEURONALES
avaluosinmuebles_departamentos_nivel_medio_entidad_cdmx_237_de_347, 6, 29, 4, 1460000, 278559, 455, 342, 243800, 163252, 179690, 181611, 169064, 164975, 107, 71, 79, 79, 74, 72, SI, MAQ_SOP_VECT
avaluosinmuebles_departamentos_nivel_medio_entidad_cdmx_238_de_347, 9, 29, 5, 1002666, 297445, 245, 132, 325287, 319001, 301703, 219692, 198042, 122781, 136, 133, 126, 92, 82, 51, SI, REDES_NEURONALES_FILT
avaluosinmuebles_departamentos_nivel_medio_entidad_cdmx_239_de_347, 40, 29, 19, 989175, 318757, 305, 233, 95132, 111572, 89571, 70878, 85180, 68917, 33, 38, 31, 24, 29, 24, SI, REDES_NEURONALES_FILT
avaluosinmuebles_departamentos_nivel_medio_entidad_cdmx_240_de_347, 47, 29, 15, 1061489, 331704, 158, 394, 134495, 164880, 127735, 120160, 141303, 106366, 67, 82, 63, 60, 70, 53, SI, REDES_NEURONALES_FILT
avaluosinmuebles_departamentos_nivel_medio_entidad_cdmx_241_de_347, 8, 29, 6, 1844125, 605551, 349, 121, 253071, 223443, 239952, 406826, 436565, 532282, 47, 41, 44, 75, 81, 99, NO, MAQ_SOP_VECT
avaluosinmuebles_departamentos_nivel_medio_entidad_cdmx_243_de_347, 42, 29, 11, 812857, 146981, 225, 368, 85061, 69988, 64988, 56184, 54775, 97810, 76, 62, 58, 50, 49, 87, SI, MAQ_SOP_VECT_FILT
avaluosinmuebles_departamentos_nivel_medio_entidad_cdmx_245_de_347, 16, 29, 13, 1217687, 360278, 349, 201, 444606, 257640, 202565, 171883, 161969, 172897, 170, 98, 77, 65, 62, 66, SI, MAQ_SOP_VECT_FILT
avaluosinmuebles_departamentos_nivel_medio_entidad_cdmx_246_de_347, 13, 29, 12, 1813000, 571544, 438, 142, 357154, 260196, 244194, 438421, 187163, 240624, 77, 56, 53, 95, 40, 52, NO, MAQ_SOP_VECT_FILT
avaluosinmuebles_departamentos_nivel_medio_entidad_cdmx_249_de_347, 10, 29, 3, 3453700, 414951, 0, 0, 385444, 104096, 231548, 78195, 74319, 76213, 100, 27, 60, 20, 19, 19, SI, MAQ_SOP_VECT_FILT
avaluosinmuebles_departamentos_nivel_medio_entidad_cdmx_252_de_347, 11, 29, 7, 1654272, 1289816, 344, 110, 504006, 379960, 510080, 414994, 304375, 514448, 67, 51, 68, 55, 40, 69, SI, MAQ_SOP_VECT_FILT
avaluosinmuebles_departamentos_nivel_medio_entidad_cdmx_253_de_347, 32, 29, 14, 1095000, 239999, 192, 164, 280339, 157992, 140900, 121072, 103505, 81035, 151, 85, 76, 65, 56, 43, SI, REDES_NEURONALES_FILT
avaluosinmuebles_departamentos_nivel_medio_entidad_cdmx_256_de_347, 47, 29, 15, 1721574, 577637, 268, 284, 178486, 173992, 151559, 171157, 164961, 267370, 39, 38, 33, 37, 36, 58, NO, REDES_NEURONALES
avaluosinmuebles_departamentos_nivel_medio_entidad_cdmx_258_de_347, 26, 29, 13, 2195500, 894535, 356, 367, 619725, 531322, 609540, 290928, 277225, 411415, 94, 80, 92, 44, 42, 62, SI, MAQ_SOP_VECT_FILT
avaluosinmuebles_departamentos_nivel_medio_entidad_cdmx_259_de_347, 8, 29, 6, 1044250, 198296, 351, 265, 180440, 195671, 208662, 196734, 73688, 147858, 91, 98, 105, 99, 37, 74, SI, MAQ_SOP_VECT_FILT
avaluosinmuebles_departamentos_nivel_medio_entidad_cdmx_260_de_347, 49, 29, 10, 844183, 121313, 136, 64, 115871, 36764, 48289, 41180, 36870, 38328, 126, 40, 52, 45, 40, 41, SI, MAQ_SOP_VECT
avaluosinmuebles_departamentos_nivel_medio_entidad_cdmx_262_de_347, 11, 29, 9, 979454, 313386, 154, 306, 89131, 105174, 118436, 246618, 60387, 66075, 31, 36, 41, 85, 21, 23, NO, MAQ_SOP_VECT_FILT
avaluosinmuebles_departamentos_nivel_medio_entidad_cdmx_263_de_347, 7, 29, 10, 868571, 136696, 218, 272, 132670, 156546, 164117, 78812, 88314, 90515, 139, 164, 172, 82, 92, 95, SI, REG_LIN_FILT
avaluosinmuebles_departamentos_nivel_medio_entidad_cdmx_265_de_347, 14, 29, 8, 714571, 203197, 147, 307, 176534, 111982, 105295, 68281, 75772, 70261, 100, 63, 60, 38, 43, 40, SI, REG_LIN_FILT
avaluosinmuebles_departamentos_nivel_medio_entidad_cdmx_268_de_347, 10, 29, 16, 1127300, 186183, 299, 138, 163066, 52331, 53993, 163066, 50665, 54264, 100, 32, 33, 100, 31, 33, SI, MAQ_SOP_VECT_FILT
avaluosinmuebles_departamentos_nivel_medio_entidad_cdmx_269_de_347, 9, 29, 6, 715666, 95824, 355, 203, 53026, 47927, 37542, 32425, 12852, 19003, 64, 58, 45, 39, 15, 23, SI, MAQ_SOP_VECT_FILT
avaluosinmuebles_departamentos_nivel_medio_entidad_cdmx_271_de_347, 18, 29, 20, 846722, 135256, 175, 227, 106798, 61769, 67635, 107810, 56833, 58576, 102, 59, 64, 103, 54, 55, SI, MAQ_SOP_VECT_FILT
avaluosinmuebles_departamentos_nivel_medio_entidad_cdmx_275_de_347, 16, 29, 17, 831062, 327706, 312, 328, 241785, 114039, 120666, 303437, 127822, 186828, 87, 41, 43, 109, 46, 67, NO, MAQ_SOP_VECT
avaluosinmuebles_departamentos_nivel_medio_entidad_cdmx_277_de_347, 6, 29, 10, 809000, 293695, 438, 113, 7533, 8143, 7155, 7533, 2245, 1206, 2, 2, 2, 2, 0, 0, SI, REDES_NEURONALES_FILT
avaluosinmuebles_departamentos_nivel_medio_entidad_cdmx_279_de_347, 8, 29, 14, 1046875, 232857, 189, 124, 200546, 200101, 191808, 204440, 122312, 123286, 97, 96, 92, 99, 59, 59, SI, MAQ_SOP_VECT_FILT
avaluosinmuebles_departamentos_nivel_medio_entidad_cdmx_280_de_347, 11, 29, 7, 2793363, 681344, 323, 437, 513987, 395503, 310497, 377483, 266389, 312826, 95, 73, 57, 69, 49, 57, SI, MAQ_SOP_VECT_FILT
avaluosinmuebles_departamentos_nivel_medio_entidad_cdmx_281_de_347, 6, 29, 9, 1425000, 471254, 301, 287, 329849, 364549, 334692, 451887, 211288, 194099, 66, 73, 67, 90, 42, 38, SI, REDES_NEURONALES_FILT
avaluosinmuebles_departamentos_nivel_medio_entidad_cdmx_282_de_347, 7, 29, 4, 523428, 16102, 119, 134, 12659, 12110, 11294, 15861, 14227, 11843, 83, 79, 74, 104, 93, 77, NO, REDES_NEURONALES
avaluosinmuebles_departamentos_nivel_medio_entidad_cdmx_283_de_347, 9, 29, 8, 1434111, 361319, 59, 119, 93847, 149435, 174562, 253614, 50244, 96142, 27, 44, 52, 75, 14, 28, SI, MAQ_SOP_VECT_FILT
avaluosinmuebles_departamentos_nivel_medio_entidad_cdmx_288_de_347, 21, 29, 7, 1251571, 126225, 140, 159, 96687, 84157, 70487, 66392, 69423, 72369, 115, 100, 84, 79, 82, 86, SI, REG_LIN_FILT
avaluosinmuebles_departamentos_nivel_medio_entidad_cdmx_291_de_347, 10, 29, 6, 583000, 75805, 225, 120, 58342, 75018, 68281, 59362, 52520, 66427, 85, 110, 100, 87, 77, 97, SI, MAQ_SOP_VECT_FILT
avaluosinmuebles_departamentos_nivel_medio_entidad_cdmx_297_de_347, 17, 29, 19, 2863176, 836609, 218, 392, 667004, 551810, 658798, 622922, 603504, 557692, 93, 77, 92, 87, 84, 78, SI, MAQ_SOP_VECT
avaluosinmuebles_departamentos_nivel_medio_entidad_cdmx_298_de_347, 17, 29, 7, 1285471, 482484, 322, 188, 419695, 249303, 277715, 226508, 286430, 329794, 100, 59, 66, 53, 68, 78, SI, REG_LIN_FILT
avaluosinmuebles_departamentos_nivel_medio_entidad_cdmx_300_de_347, 33, 29, 10, 1554181, 334993, 43, 228, 124068, 105514, 107248, 94742, 67767, 95702, 53, 45, 46, 41, 29, 41, SI, MAQ_SOP_VECT_FILT
avaluosinmuebles_departamentos_nivel_medio_entidad_cdmx_301_de_347, 37, 29, 17, 2554734, 944439, 263, 303, 249041, 89081, 130888, 111566, 106505, 109967, 32, 11, 17, 14, 13, 14, SI, MAQ_SOP_VECT
avaluosinmuebles_departamentos_nivel_medio_entidad_cdmx_302_de_347, 19, 29, 20, 1078684, 290543, 356, 330, 843966, 99865, 102164, 809783, 87549, 85172, 330, 39, 39, 316, 34, 33, SI, REDES_NEURONALES_FILT
avaluosinmuebles_departamentos_nivel_medio_entidad_cdmx_305_de_347, 50, 29, 14, 1136140, 145914, 174, 167, 115996, 121555, 70183, 112055, 111866, 98373, 95, 99, 57, 91, 91, 80, NO, REDES_NEURONALES
avaluosinmuebles_departamentos_nivel_medio_entidad_cdmx_306_de_347, 14, 29, 15, 1159071, 267173, 301, 201, 130962, 121483, 127853, 238128, 75371, 99039, 55, 51, 53, 100, 31, 41, NO, MAQ_SOP_VECT_FILT
avaluosinmuebles_departamentos_nivel_medio_entidad_cdmx_309_de_347, 17, 29, 10, 3178100, 923357, 180, 300, 766014, 192099, 241220, 232087, 173099, 248534, 100, 25, 31, 30, 22, 32, SI, MAQ_SOP_VECT_FILT
avaluosinmuebles_departamentos_nivel_medio_entidad_cdmx_310_de_347, 27, 29, 19, 2003370, 684092, 263, 274, 444097, 164075, 212955, 263005, 179891, 184423, 74, 27, 35, 43, 30, 30, SI, MAQ_SOP_VECT
avaluosinmuebles_departamentos_nivel_medio_entidad_cdmx_313_de_347, 6, 29, 6, 1905000, 226057, 100, 458, 72618, 66400, 61445, 217600, 75332, 84603, 33, 30, 28, 100, 34, 38, NO, REDES_NEURONALES
avaluosinmuebles_departamentos_nivel_medio_entidad_cdmx_316_de_347, 18, 29, 18, 1125438, 217210, 150, 54, 185088, 135203, 92597, 105451, 119548, 86195, 123, 90, 61, 70, 79, 57, SI, REDES_NEURONALES_FILT
avaluosinmuebles_departamentos_nivel_medio_entidad_cdmx_317_de_347, 16, 29, 5, 1203562, 229255, 203, 309, 144727, 88484, 100935, 104737, 98214, 94949, 102, 62, 71, 74, 69, 67, SI, MAQ_SOP_VECT
avaluosinmuebles_departamentos_nivel_medio_entidad_cdmx_318_de_347, 10, 29, 15, 1337100, 504402, 27, 277, 435032, 126366, 139638, 421011, 152295, 111662, 89, 25, 28, 86, 31, 22, SI, REDES_NEURONALES_FILT
avaluosinmuebles_departamentos_nivel_medio_entidad_cdmx_319_de_347, 11, 29, 15, 1224610, 276477, 193, 108, 236642, 104990, 128057, 236642, 97498, 123403, 100, 44, 54, 100, 41, 52, SI, MAQ_SOP_VECT_FILT
avaluosinmuebles_departamentos_nivel_medio_entidad_cdmx_323_de_347, 37, 29, 20, 1264270, 337321, 100, 209, 123815, 120328, 154145, 224385, 86832, 117925, 46, 44, 57, 83, 32, 43, NO, MAQ_SOP_VECT_FILT
avaluosinmuebles_departamentos_nivel_medio_entidad_cdmx_324_de_347, 26, 29, 12, 1217961, 196794, 56, 197, 133743, 145568, 47839, 349011, 65100, 64175, 76, 83, 27, 200, 37, 36, NO, REDES_NEURONALES
avaluosinmuebles_departamentos_nivel_medio_entidad_cdmx_326_de_347, 111, 29, 12, 1717351, 609607, 190, 295, 133966, 149875, 163219, 128672, 137597, 198867, 27, 30, 33, 26, 28, 40, NO, REG_LIN_FILT
avaluosinmuebles_departamentos_nivel_medio_entidad_cdmx_328_de_347, 30, 29, 14, 1171100, 389968, 342, 443, 259297, 195367, 189655, 127049, 172013, 193124, 93, 70, 68, 45, 62, 69, SI, REG_LIN_FILT
avaluosinmuebles_departamentos_nivel_medio_entidad_cdmx_330_de_347, 7, 29, 6, 861142, 127083, 283, 148, 59626, 67769, 69515, 34011, 23057, 34781, 64, 73, 75, 36, 24, 37, SI, MAQ_SOP_VECT_FILT
avaluosinmuebles_departamentos_nivel_medio_entidad_cdmx_331_de_347, 12, 29, 9, 1269000, 475844, 257, 285, 229577, 220016, 257235, 168136, 79450, 186093, 62, 59, 70, 45, 21, 50, SI, MAQ_SOP_VECT_FILT
avaluosinmuebles_departamentos_nivel_medio_entidad_cdmx_332_de_347, 17, 29, 8, 2011764, 963707, 376, 334, 695371, 516566, 537402, 312386, 335732, 368169, 84, 62, 65, 37, 40, 44, SI, REG_LIN_FILT
avaluosinmuebles_departamentos_nivel_medio_entidad_cdmx_333_de_347, 16, 29, 18, 1938151, 493060, 190, 105, 394900, 312681, 310206, 569038, 280710, 276678, 103, 81, 81, 148, 73, 72, NO, REDES_NEURONALES_FILT
avaluosinmuebles_departamentos_nivel_medio_entidad_cdmx_334_de_347, 13, 29, 11, 1777307, 403768, 232, 296, 150847, 168365, 201887, 199415, 120971, 171310, 40, 45, 54, 53, 32, 46, SI, MAQ_SOP_VECT_FILT
avaluosinmuebles_departamentos_nivel_medio_entidad_cdmx_335_de_347, 29, 29, 9, 1271344, 273770, 200, 156, 264044, 201338, 159158, 138369, 140635, 172020, 118, 90, 71, 62, 63, 77, SI, REG_LIN_FILT
avaluosinmuebles_departamentos_nivel_medio_entidad_cdmx_336_de_347, 19, 29, 13, 1124526, 410087, 337, 279, 318214, 196018, 204566, 291567, 114322, 181500, 93, 57, 60, 86, 33, 53, SI, MAQ_SOP_VECT_FILT
avaluosinmuebles_departamentos_nivel_medio_entidad_cdmx_337_de_347, 59, 29, 14, 1825627, 593228, 273, 284, 269406, 282724, 334771, 220802, 262969, 403000, 53, 56, 66, 44, 52, 80, SI, REG_LIN_FILT
avaluosinmuebles_departamentos_nivel_medio_entidad_cdmx_339_de_347, 7, 29, 20, 1521000, 886828, 370, 97, 134779, 154571, 174316, 221219, 174071, 209138, 17, 19, 22, 28, 22, 26, NO, REG_LIN
avaluosinmuebles_departamentos_nivel_medio_entidad_cdmx_344_de_347, 8, 29, 13, 1238875, 295464, 186, 218, 223724, 139881, 153462, 248824, 122361, 139655, 96, 60, 66, 107, 52, 60, SI, MAQ_SOP_VECT_FILT
avaluosinmuebles_departamentos_nivel_medio_entidad_cdmx_345_de_347, 22, 29, 4, 1057527, 168672, 219, 271, 125616, 56417, 46112, 75574, 84364, 76258, 94, 42, 34, 57, 63, 57, NO, REDES_NEURONALES
avaluosinmuebles_departamentos_nivel_medio_entidad_cdmx_346_de_347, 32, 29, 13, 1624687, 709300, 151, 203, 209973, 161713, 152937, 205151, 187898, 96936, 51, 39, 37, 50, 46, 23, SI, REDES_NEURONALES_FILT
avaluosinmuebles_departamentos_nivel_medio_entidad_cdmx_347_de_347, 7, 29, 16, 1021857, 578429, 140, 378, 325200, 614371, 645406, 367186, 726220, 555323, 64, 122, 128, 72, 144, 110, NO, REG_LIN
